Region,Date,Value
HSE Dublin and Midlands,2023-01-01,0.9001159015217526
HSE Dublin and Midlands,2023-01-08,6.857584033243043
HSE Dublin and Midlands,2023-01-15,5.5213294990251836
HSE Dublin and Midlands,2023-01-22,5.2893408646123605
HSE Dublin and Midlands,2023-01-29,4.2221931463133755
HSE Dublin and Midlands,2023-02-05,4.49129996223225
HSE Dublin and Midlands,2023-02-12,5.252222683106309
HSE Dublin and Midlands,2023-02-19,5.632684043543338
HSE Dublin and Midlands,2023-02-26,6.170897675381087
HSE Dublin and Midlands,2023-03-05,5.577006771284261
HSE Dublin and Midlands,2023-03-12,7.599947663364077
HSE Dublin and Midlands,2023-03-19,6.412165855170423
HSE Dublin and Midlands,2023-03-26,6.996777213890737
HSE Dublin and Midlands,2023-04-02,6.653434034959759
HSE Dublin and Midlands,2023-04-09,4.546977234491328
HSE Dublin and Midlands,2023-04-16,5.2151045016002575
HSE Dublin and Midlands,2023-04-23,5.725479497308467
HSE Dublin and Midlands,2023-04-30,5.753318133438007
HSE Dublin and Midlands,2023-05-07,6.7369499433483755
HSE Dublin and Midlands,2023-05-14,7.405077210457305
HSE Dublin and Midlands,2023-05-21,4.825363595786715
HSE Dublin and Midlands,2023-05-28,4.639772688256457
HSE Dublin and Midlands,2023-06-04,4.194354510183837
HSE Dublin and Midlands,2023-06-11,3.2385613364030066
HSE Dublin and Midlands,2023-06-18,4.482020416855737
HSE Dublin and Midlands,2023-06-25,4.621213597503431
HSE Dublin and Midlands,2023-07-02,5.187265865470719
HSE Dublin and Midlands,2023-07-09,5.131588593211641
HSE Dublin and Midlands,2023-07-16,4.6768908697625085
HSE Dublin and Midlands,2023-07-23,2.4590795247759223
HSE Dublin and Midlands,2023-07-30,2.7189067953182837
HSE Dublin and Midlands,2023-08-06,2.7467454314478226
HSE Dublin and Midlands,2023-08-13,2.820981794459926
HSE Dublin and Midlands,2023-08-20,4.194354510183837
HSE Dublin and Midlands,2023-08-27,3.5911840607104977
HSE Dublin and Midlands,2023-09-03,3.8417317858763464
HSE Dublin and Midlands,2023-09-10,4.695449960515534
HSE Dublin and Midlands,2023-09-17,4.584095415997379
HSE Dublin and Midlands,2023-09-24,4.435622689973172
HSE Dublin and Midlands,2023-10-01,5.632684043543338
HSE Dublin and Midlands,2023-10-08,5.5120499536486705
HSE Dublin and Midlands,2023-10-15,5.706920406555442
HSE Dublin and Midlands,2023-10-22,4.49129996223225
HSE Dublin and Midlands,2023-10-29,5.066631775576051
HSE Dublin and Midlands,2023-11-05,6.013145403980368
HSE Dublin and Midlands,2023-11-12,6.690552216465811
HSE Dublin and Midlands,2023-11-19,5.911070404838726
HSE Dublin and Midlands,2023-11-26,4.546977234491328
HSE Dublin and Midlands,2023-12-03,4.407784053843634
HSE Dublin and Midlands,2023-12-10,6.634874944206733
HSE Dublin and Midlands,2023-12-17,6.653434034959759
HSE Dublin and Midlands,2023-12-24,2.561154523917564
HSE Dublin and Midlands,2023-12-31,1.0857068090520108
HSE Dublin and Midlands,2024-01-07,4.082999965665682
HSE Dublin and Midlands,2024-01-14,3.9530863303945014
HSE Dublin and Midlands,2024-01-21,4.435622689973172
HSE Dublin and Midlands,2024-01-28,5.140868138588154
HSE Dublin and Midlands,2024-02-04,3.9438067850179883
HSE Dublin and Midlands,2024-02-11,4.71400905126856
HSE Dublin and Midlands,2024-02-18,3.8231726951233203
HSE Dublin and Midlands,2024-02-25,4.584095415997379
HSE Dublin and Midlands,2024-03-03,5.038793139446512
HSE Dublin and Midlands,2024-03-10,4.751127232774612
HSE Dublin and Midlands,2024-03-17,4.87176132266928
HSE Dublin and Midlands,2024-03-24,3.9994840572770656
HSE Dublin and Midlands,2024-03-31,4.482020416855737
HSE Dublin and Midlands,2024-04-07,4.751127232774612
HSE Dublin and Midlands,2024-04-14,5.0666317755760515
HSE Dublin and Midlands,2024-04-21,4.537697689114815
HSE Dublin and Midlands,2024-04-28,3.4055931531802393
HSE Dublin and Midlands,2024-05-05,3.5076681523218816
HSE Dublin and Midlands,2024-05-12,3.0251317927432098
HSE Dublin and Midlands,2024-05-19,4.342827236208043
HSE Dublin and Midlands,2024-05-26,3.7118181506051657
HSE Dublin and Midlands,2024-06-02,4.500579507608763
HSE Dublin and Midlands,2024-06-09,4.26859087319594
HSE Dublin and Midlands,2024-06-16,3.841731785876346
HSE Dublin and Midlands,2024-06-23,3.331356790168136
HSE Dublin and Midlands,2024-06-30,3.0715295196257744
HSE Dublin and Midlands,2024-07-07,2.3106067987517154
HSE Dublin and Midlands,2024-07-14,2.394122707140332
HSE Dublin and Midlands,2024-07-21,3.0808090650022875
HSE Dublin and Midlands,2024-07-28,3.544786333827933
HSE Dublin and Midlands,2024-08-04,3.201443154896955
HSE Dublin and Midlands,2024-08-11,3.108647701131826
HSE Dublin and Midlands,2024-08-18,3.0436908834962355
HSE Dublin and Midlands,2024-08-25,2.4312408886463834
HSE Dublin and Midlands,2024-09-01,3.3035181540385974
HSE Dublin and Midlands,2024-09-08,2.7189067953182837
HSE Dublin and Midlands,2024-09-15,1.9672636198207376
HSE Dublin and Midlands,2024-09-22,3.238561336403007
HSE Dublin and Midlands,2024-09-29,3.257120427156033
HSE Dublin and Midlands,2024-10-06,3.8417317858763464
HSE Dublin and Midlands,2024-10-13,4.20363405556035
HSE Dublin and Midlands,2024-10-20,3.1828840641439293
HSE Dublin and Midlands,2024-10-27,3.127206791884852
HSE Dublin and Midlands,2024-11-03,2.9880136112371583
HSE Dublin and Midlands,2024-11-10,3.3591954262976746
HSE Dublin and Midlands,2024-11-17,3.7582158774877303
HSE Dublin and Midlands,2024-11-24,3.4798295161923427
HSE Dublin and Midlands,2024-12-01,4.519138598361789
HSE Dublin and Midlands,2024-12-08,4.120118147171734
HSE Dublin and Midlands,2024-12-15,4.816084050410202
HSE Dublin and Midlands,2024-12-22,4.639772688256457
HSE Dublin and Midlands,2024-12-29,1.503286350995092
HSE Dublin and Midlands,2025-01-05,3.9252476942649626
HSE Dublin and Midlands,2025-01-12,5.428534045260054
HSE Dublin and Midlands,2025-01-19,4.42634314459666
HSE Dublin and Midlands,2025-01-26,3.544786333827933
HSE Dublin and Midlands,2025-02-02,4.361386326961069
HSE Dublin and Midlands,2025-02-09,3.971645421147527
HSE Dublin and Midlands,2025-02-16,4.444902235349685
HSE Dublin and Midlands,2025-02-23,4.482020416855738
HSE Dublin and Midlands,2025-03-02,4.500579507608763
HSE Dublin and Midlands,2025-03-09,3.6004636060870103
HSE Dublin and Midlands,2025-03-16,3.117927246508339
HSE Dublin and Midlands,2025-03-23,2.6353908869296676
HSE Dublin and Midlands,2025-03-30,3.3684749716741873
HSE Dublin and Midlands,2025-04-06,2.4405204340228965
HSE Dublin and Midlands,2025-04-13,3.340636335544649
HSE Dublin and Midlands,2025-04-20,3.962365875771014
HSE Dublin and Midlands,2025-04-27,3.8602908766293718
HSE Dublin and Midlands,2025-05-04,2.4219613432698703
HSE Dublin and Midlands,2025-05-11,2.394122707140332
HSE Dublin and Midlands,2025-05-18,2.691068159188745
HSE Dublin and Midlands,2025-05-25,3.0715295196257744
HSE Dublin and Midlands,2025-06-01,2.783863612953874
HSE Dublin and Midlands,2025-06-08,1.6795977131488373
HSE Dublin and Midlands,2025-06-15,2.3106067987517154
HSE Dublin and Midlands,2025-06-22,3.683979514475627
HSE Dublin and Midlands,2025-06-29,2.728186340694797
HSE Dublin and Midlands,2025-07-06,2.6353908869296676
HSE Dublin and Midlands,2025-07-13,1.7445545307844277
HSE Dublin and Midlands,2025-07-20,1.9858227105737636
HSE Dublin and Midlands,2025-07-27,1.8187908937965311
HSE Dublin and Midlands,2025-08-03,2.022940892079815
HSE Dublin and Midlands,2025-08-10,1.8651886206790955
HSE Dublin and Midlands,2025-08-17,2.5240363424115126
HSE Dublin and Midlands,2025-08-24,1.4290499879829888
HSE Dublin and Midlands,2025-08-31,2.570434069294077
HSE Dublin and Midlands,2025-09-07,2.5333158877880257
HSE Dublin and Midlands,2025-09-14,1.8002318030435052
HSE Dublin and Midlands,2025-09-21,1.9672636198207378
HSE Dublin and Midlands,2025-09-28,1.7074363492783762
HSE Dublin and Midlands,2025-10-05,2.4219613432698703
HSE Dublin and Midlands,2025-10-12,2.4683590701524354
HSE Dublin and Midlands,2025-10-19,1.7352749854079148
HSE Dublin and Midlands,2025-10-26,1.716715894654889
HSE Dublin and Midlands,2025-11-02,2.273488617245664
HSE Dublin and Midlands,2025-11-09,2.746745431447822
HSE Dublin and Midlands,2025-11-16,2.895218157472029
HSE Dublin and North East,2023-01-01,0.6823454487558569
HSE Dublin and North East,2023-01-08,4.953322516894368
HSE Dublin and North East,2023-01-15,3.2853669754911623
HSE Dublin and North East,2023-01-22,2.426117151131935
HSE Dublin and North East,2023-01-29,2.021764292609946
HSE Dublin and North East,2023-02-05,1.726923666604329
HSE Dublin and North East,2023-02-12,1.760619738147828
HSE Dublin and North East,2023-02-19,3.479119386866282
HSE Dublin and North East,2023-02-26,3.4622713510945324
HSE Dublin and North East,2023-03-05,2.485085276333059
HSE Dublin and North East,2023-03-12,2.0891564356969443
HSE Dublin and North East,2023-03-19,2.1565485787839425
HSE Dublin and North East,2023-03-26,2.746229830795177
HSE Dublin and North East,2023-04-02,2.897862152740923
HSE Dublin and North East,2023-04-09,2.2323647397568154
HSE Dublin and North East,2023-04-16,1.3899629511693379
HSE Dublin and North East,2023-04-23,1.9206760779794487
HSE Dublin and North East,2023-04-30,1.8195878633489513
HSE Dublin and North East,2023-05-07,2.661989651936429
HSE Dublin and North East,2023-05-14,2.6788376877081785
HSE Dublin and North East,2023-05-21,2.325028936501438
HSE Dublin and North East,2023-05-28,2.737805812909302
HSE Dublin and North East,2023-06-04,1.7100756308325793
HSE Dublin and North East,2023-06-11,0.5307131268101108
HSE Dublin and North East,2023-06-18,0.46332098372311264
HSE Dublin and North East,2023-06-25,0.9182179495603505
HSE Dublin and North East,2023-07-02,0.4212008942937388
HSE Dublin and North East,2023-07-09,0.2695685723479928
HSE Dublin and North East,2023-07-16,0.8087057170439784
HSE Dublin and North East,2023-07-23,0.9434900032179749
HSE Dublin and North East,2023-07-30,0.7750096455004793
HSE Dublin and North East,2023-08-06,0.7076175024134811
HSE Dublin and North East,2023-08-13,2.0049162568381966
HSE Dublin and North East,2023-08-20,2.0133402747240714
HSE Dublin and North East,2023-08-27,1.718499648718454
HSE Dublin and North East,2023-09-03,1.2972987544247154
HSE Dublin and North East,2023-09-10,1.575291344658583
HSE Dublin and North East,2023-09-17,1.3899629511693379
HSE Dublin and North East,2023-09-24,1.8617079527783253
HSE Dublin and North East,2023-10-01,2.3334529543873126
HSE Dublin and North East,2023-10-08,2.316604918615563
HSE Dublin and North East,2023-10-15,2.5693254551918066
HSE Dublin and North East,2023-10-22,2.139700543012193
HSE Dublin and North East,2023-10-29,2.4513892047895594
HSE Dublin and North East,2023-11-05,2.8557420633115487
HSE Dublin and North East,2023-11-12,2.923134206398547
HSE Dublin and North East,2023-11-19,3.041070456800794
HSE Dublin and North East,2023-11-26,2.813621973882175
HSE Dublin and North East,2023-12-03,2.3924210795884364
HSE Dublin and North East,2023-12-10,3.1337346535454165
HSE Dublin and North East,2023-12-17,2.771501884452801
HSE Dublin and North East,2023-12-24,0.9856100926473487
HSE Dublin and North East,2023-12-31,0.2021764292609946
HSE Dublin and North East,2024-01-07,2.0891564356969443
HSE Dublin and North East,2024-01-14,3.083190546230168
HSE Dublin and North East,2024-01-21,3.108462599887792
HSE Dublin and North East,2024-01-28,2.939982242170297
HSE Dublin and North East,2024-02-04,2.737805812909302
HSE Dublin and North East,2024-02-11,3.3780311722357848
HSE Dublin and North East,2024-02-18,2.5693254551918066
HSE Dublin and North East,2024-02-25,3.2853669754911623
HSE Dublin and North East,2024-03-03,2.400845097474311
HSE Dublin and North East,2024-03-10,2.3334529543873126
HSE Dublin and North East,2024-03-17,3.0663425104584183
HSE Dublin and North East,2024-03-24,2.7125337592516776
HSE Dublin and North East,2024-03-31,2.2492127755285654
HSE Dublin and North East,2024-04-07,2.1649725966698172
HSE Dublin and North East,2024-04-14,2.8557420633115487
HSE Dublin and North East,2024-04-21,2.9484062600561716
HSE Dublin and North East,2024-04-28,2.889438134855048
HSE Dublin and North East,2024-05-05,2.1818206324415668
HSE Dublin and North East,2024-05-12,2.5440534015341822
HSE Dublin and North East,2024-05-19,2.9652542958279207
HSE Dublin and North East,2024-05-26,3.3864551901216595
HSE Dublin and North East,2024-06-02,2.0807324178110695
HSE Dublin and North East,2024-06-09,2.3418769722731874
HSE Dublin and North East,2024-06-16,2.8220459917680496
HSE Dublin and North East,2024-06-23,2.763077866566926
HSE Dublin and North East,2024-06-30,2.973678313713796
HSE Dublin and North East,2024-07-07,2.3924210795884364
HSE Dublin and North East,2024-07-14,1.432083040598712
HSE Dublin and North East,2024-07-21,1.6679555414032055
HSE Dublin and North East,2024-07-28,1.7100756308325795
HSE Dublin and North East,2024-08-04,1.769043756033703
HSE Dublin and North East,2024-08-11,1.8195878633489515
HSE Dublin and North East,2024-08-18,1.2551786649953416
HSE Dublin and North East,2024-08-25,1.802739827577202
HSE Dublin and North East,2024-09-01,2.097580453582819
HSE Dublin and North East,2024-09-08,2.3924210795884364
HSE Dublin and North East,2024-09-15,2.3081809007296883
HSE Dublin and North East,2024-09-22,2.2323647397568154
HSE Dublin and North East,2024-09-29,2.8051979559963
HSE Dublin and North East,2024-10-06,3.3443351006922857
HSE Dublin and North East,2024-10-13,2.518781347876558
HSE Dublin and North East,2024-10-20,2.619869562507055
HSE Dublin and North East,2024-10-27,2.4176931332460603
HSE Dublin and North East,2024-11-03,2.7546538486810515
HSE Dublin and North East,2024-11-10,3.049494474686669
HSE Dublin and North East,2024-11-17,2.510357329990683
HSE Dublin and North East,2024-11-24,3.184278760860665
HSE Dublin and North East,2024-12-01,4.009832513676393
HSE Dublin and North East,2024-12-08,3.7655359949860245
HSE Dublin and North East,2024-12-15,3.597055637268529
HSE Dublin and North East,2024-12-22,2.9652542958279207
HSE Dublin and North East,2024-12-29,1.120394378821345
HSE Dublin and North East,2025-01-05,1.7943158096913272
HSE Dublin and North East,2025-01-12,3.217974832404164
HSE Dublin and North East,2025-01-19,3.2011267966324146
HSE Dublin and North East,2025-01-26,3.5043914405239067
HSE Dublin and North East,2025-02-02,4.085648674649266
HSE Dublin and North East,2025-02-09,4.523697604714755
HSE Dublin and North East,2025-02-16,3.8076560844153984
HSE Dublin and North East,2025-02-23,3.748687959214275
HSE Dublin and North East,2025-03-02,2.5777494730776813
HSE Dublin and North East,2025-03-09,1.7858917918054524
HSE Dublin and North East,2025-03-16,1.912252060093574
HSE Dublin and North East,2025-03-23,1.0698502715060965
HSE Dublin and North East,2025-03-30,2.6030215267353056
HSE Dublin and North East,2025-04-06,3.0663425104584183
HSE Dublin and North East,2025-04-13,1.4826271479139606
HSE Dublin and North East,2025-04-20,2.367149025930812
HSE Dublin and North East,2025-04-27,1.2720267007670911
HSE Dublin and North East,2025-05-04,1.3394188438540893
HSE Dublin and North East,2025-05-11,1.1962105397942182
HSE Dublin and North East,2025-05-18,1.010882146304973
HSE Dublin and North East,2025-05-25,1.5163232194574596
HSE Dublin and North East,2025-06-01,1.8280118812348263
HSE Dublin and North East,2025-06-08,1.945948131637073
HSE Dublin and North East,2025-06-15,1.7606197381478281
HSE Dublin and North East,2025-06-22,1.5668673267727082
HSE Dublin and North East,2025-06-29,1.2636026828812164
HSE Dublin and North East,2025-07-06,1.5921393804303325
HSE Dublin and North East,2025-07-13,1.49947518368571
HSE Dublin and North East,2025-07-20,1.5247472373433344
HSE Dublin and North East,2025-07-27,1.6932275950608298
HSE Dublin and North East,2025-08-03,0.9519140211038496
HSE Dublin and North East,2025-08-10,1.3309948259682145
HSE Dublin and North East,2025-08-17,1.8532839348924506
HSE Dublin and North East,2025-08-24,1.8617079527783253
HSE Dublin and North East,2025-08-31,1.6258354519738316
HSE Dublin and North East,2025-09-07,1.5331712552292092
HSE Dublin and North East,2025-09-14,1.7437717023760784
HSE Dublin and North East,2025-09-21,1.7690437560337027
HSE Dublin and North East,2025-09-28,1.8869800064359497
HSE Dublin and North East,2025-10-05,2.375573043816687
HSE Dublin and North East,2025-10-12,1.6426834877455812
HSE Dublin and North East,2025-10-19,1.2467546471094668
HSE Dublin and North East,2025-10-26,1.280450718652966
HSE Dublin and North East,2025-11-02,1.4573550942563362
HSE Dublin and North East,2025-11-09,2.06388438203932
HSE Dublin and North East,2025-11-16,1.9964922389523216
HSE Dublin and South East,2023-01-01,0.6590511928311705
HSE Dublin and South East,2023-01-08,6.013842134584432
HSE Dublin and South East,2023-01-15,4.5206792758263115
HSE Dublin and South East,2023-01-22,3.6041862107954645
HSE Dublin and South East,2023-01-29,3.738055984339296
HSE Dublin and South East,2023-02-05,3.233469914827931
HSE Dublin and South East,2023-02-12,4.325023452954557
HSE Dublin and South East,2023-02-19,4.170558329634752
HSE Dublin and South East,2023-02-26,3.604186210795464
HSE Dublin and South East,2023-03-05,4.252939728738648
HSE Dublin and South East,2023-03-12,4.345618802730532
HSE Dublin and South East,2023-03-19,3.9234141323230625
HSE Dublin and South East,2023-03-26,4.613358349818195
HSE Dublin and South East,2023-04-02,3.7998420336672183
HSE Dublin and South East,2023-04-09,2.01834427804546
HSE Dublin and South East,2023-04-16,3.212874565051957
HSE Dublin and South East,2023-04-23,4.283832753402609
HSE Dublin and South East,2023-04-30,4.716335098698065
HSE Dublin and South East,2023-05-07,5.272409542649365
HSE Dublin and South East,2023-05-14,4.38680950228248
HSE Dublin and South East,2023-05-21,2.92453966818832
HSE Dublin and South East,2023-05-28,3.3673396883717626
HSE Dublin and South East,2023-06-04,1.9668559036055249
HSE Dublin and South East,2023-06-11,2.152214051589292
HSE Dublin and South East,2023-06-18,2.728883845316566
HSE Dublin and South East,2023-06-25,2.152214051589292
HSE Dublin and South East,2023-07-02,1.987451253381499
HSE Dublin and South East,2023-07-09,2.728883845316566
HSE Dublin and South East,2023-07-16,2.3375721995730583
HSE Dublin and South East,2023-07-23,2.265488475357149
HSE Dublin and South East,2023-07-30,3.1098978161720865
HSE Dublin and South East,2023-08-06,2.986325717516242
HSE Dublin and South East,2023-08-13,2.605311746660721
HSE Dublin and South East,2023-08-20,2.5744187219967607
HSE Dublin and South East,2023-08-27,2.6876931457646176
HSE Dublin and South East,2023-09-03,2.203702426029227
HSE Dublin and South East,2023-09-10,2.2860838251331232
HSE Dublin and South East,2023-09-17,2.450846623340916
HSE Dublin and South East,2023-09-24,3.5938885359074773
HSE Dublin and South East,2023-10-01,2.8730512937483845
HSE Dublin and South East,2023-10-08,2.8421582690844236
HSE Dublin and South East,2023-10-15,3.1304931659480606
HSE Dublin and South East,2023-10-22,2.9245396681883196
HSE Dublin and South East,2023-10-29,3.3158513139318275
HSE Dublin and South East,2023-11-05,3.0893024663961124
HSE Dublin and South East,2023-11-12,3.9131164574350756
HSE Dublin and South East,2023-11-19,3.738055984339296
HSE Dublin and South East,2023-11-26,3.460018762363646
HSE Dublin and South East,2023-12-03,4.057283905866894
HSE Dublin and South East,2023-12-10,3.511507136803581
HSE Dublin and South East,2023-12-17,3.8925211076591015
HSE Dublin and South East,2023-12-24,2.6156094215487085
HSE Dublin and South East,2023-12-31,0.9061953901428597
HSE Dublin and South East,2024-01-07,1.6373303071899397
HSE Dublin and South East,2024-01-14,2.6773954708766308
HSE Dublin and South East,2024-01-21,3.0996001412840997
HSE Dublin and South East,2024-01-28,2.9245396681883196
HSE Dublin and South East,2024-02-04,3.3055536390438403
HSE Dublin and South East,2024-02-11,4.294130428290596
HSE Dublin and South East,2024-02-18,4.129367630082804
HSE Dublin and South East,2024-02-25,2.811265244420462
HSE Dublin and South East,2024-03-03,2.9657303677402678
HSE Dublin and South East,2024-03-10,3.1098978161720865
HSE Dublin and South East,2024-03-17,3.573293186131503
HSE Dublin and South East,2024-03-24,2.7803722197565013
HSE Dublin and South East,2024-03-31,3.264362939491892
HSE Dublin and South East,2024-04-07,3.923414132323063
HSE Dublin and South East,2024-04-14,3.3879350381477367
HSE Dublin and South East,2024-04-21,3.6968652847873478
HSE Dublin and South East,2024-04-28,3.315851313931827
HSE Dublin and South East,2024-05-05,2.8318605941964363
HSE Dublin and South East,2024-05-12,2.4714419731168897
HSE Dublin and South East,2024-05-19,2.1213210269253304
HSE Dublin and South East,2024-05-26,2.172809401365266
HSE Dublin and South East,2024-06-02,1.6579256569659138
HSE Dublin and South East,2024-06-09,2.2345954506931878
HSE Dublin and South East,2024-06-16,2.3478698744610456
HSE Dublin and South East,2024-06-23,2.4302512735649415
HSE Dublin and South East,2024-06-30,2.780372219756501
HSE Dublin and South East,2024-07-07,2.1625117264772786
HSE Dublin and South East,2024-07-14,2.502334997780851
HSE Dublin and South East,2024-07-21,1.760902405845784
HSE Dublin and South East,2024-07-28,1.6888186816298747
HSE Dublin and South East,2024-08-04,1.8947721793896155
HSE Dublin and South East,2024-08-11,2.3272745246850715
HSE Dublin and South East,2024-08-18,1.9359628789415637
HSE Dublin and South East,2024-08-25,2.5847163968847475
HSE Dublin and South East,2024-09-01,2.667097795988644
HSE Dublin and South East,2024-09-08,2.718586170428579
HSE Dublin and South East,2024-09-15,3.4909117870276067
HSE Dublin and South East,2024-09-22,3.3261489888198144
HSE Dublin and South East,2024-09-29,3.0584094417321515
HSE Dublin and South East,2024-10-06,3.614483885683452
HSE Dublin and South East,2024-10-13,3.3570420134837757
HSE Dublin and South East,2024-10-20,3.3982327130357235
HSE Dublin and South East,2024-10-27,2.3581675493490324
HSE Dublin and South East,2024-11-03,2.172809401365266
HSE Dublin and South East,2024-11-10,3.3673396883717626
HSE Dublin and South East,2024-11-17,2.780372219756501
HSE Dublin and South East,2024-11-24,3.02751641706819
HSE Dublin and South East,2024-12-01,4.201451354298713
HSE Dublin and South East,2024-12-08,4.180856004522739
HSE Dublin and South East,2024-12-15,3.810139708555205
HSE Dublin and South East,2024-12-22,2.1934047511412396
HSE Dublin and South East,2024-12-29,1.019469813910717
HSE Dublin and South East,2025-01-05,3.4909117870276067
HSE Dublin and South East,2025-01-12,3.4703164372516326
HSE Dublin and South East,2025-01-19,3.6556745852353996
HSE Dublin and South East,2025-01-26,5.04586069511365
HSE Dublin and South East,2025-02-02,3.8513304081071533
HSE Dublin and South East,2025-02-09,4.242642053850661
HSE Dublin and South East,2025-02-16,2.512632672668838
HSE Dublin and South East,2025-02-23,3.521804811691568
HSE Dublin and South East,2025-03-02,2.6259070964366953
HSE Dublin and South East,2025-03-09,3.02751641706819
HSE Dublin and South East,2025-03-16,2.3066791749090974
HSE Dublin and South East,2025-03-23,1.9462605538295508
HSE Dublin and South East,2025-03-30,1.3489954103263024
HSE Dublin and South East,2025-04-06,1.6064372825259785
HSE Dublin and South East,2025-04-13,1.6579256569659138
HSE Dublin and South East,2025-04-20,1.6682233318539008
HSE Dublin and South East,2025-04-27,1.9359628789415637
HSE Dublin and South East,2025-05-04,1.7814977556217582
HSE Dublin and South East,2025-05-11,2.008046603157473
HSE Dublin and South East,2025-05-18,1.8329861300616934
HSE Dublin and South East,2025-05-25,2.3993582489009806
HSE Dublin and South East,2025-06-01,2.1213210269253304
HSE Dublin and South East,2025-06-08,2.2757861502451364
HSE Dublin and South East,2025-06-15,1.5858419327500044
HSE Dublin and South East,2025-06-22,1.8020931053977323
HSE Dublin and South East,2025-06-29,1.8535814798376675
HSE Dublin and South East,2025-07-06,1.74030705606981
HSE Dublin and South East,2025-07-13,2.0698326524853954
HSE Dublin and South East,2025-07-20,2.47144197311689
HSE Dublin and South East,2025-07-27,2.1625117264772786
HSE Dublin and South East,2025-08-03,1.9050698542776026
HSE Dublin and South East,2025-08-10,1.997748928269486
HSE Dublin and South East,2025-08-17,2.3375721995730583
HSE Dublin and South East,2025-08-24,2.8421582690844236
HSE Dublin and South East,2025-08-31,2.564121047108773
HSE Dublin and South East,2025-09-07,2.3684652242370197
HSE Dublin and South East,2025-09-14,3.243767589715918
HSE Dublin and South East,2025-09-21,3.573293186131503
HSE Dublin and South East,2025-09-28,2.4199535986769547
HSE Dublin and South East,2025-10-05,2.1316187018133177
HSE Dublin and South East,2025-10-12,2.770074544868514
HSE Dublin and South East,2025-10-19,2.9554326928522805
HSE Dublin and South East,2025-10-26,2.8627536188603973
HSE Dublin and South East,2025-11-02,2.728883845316566
HSE Dublin and South East,2025-11-09,4.45889322649839
HSE Dublin and South East,2025-11-16,3.665972260123387
HSE Mid West,2023-01-01,1.162061594106411
HSE Mid West,2023-01-08,6.9239503315506985
HSE Mid West,2023-01-15,3.7767001808458356
HSE Mid West,2023-01-22,4.599827143337877
HSE Mid West,2023-01-29,3.921957880109137
HSE Mid West,2023-02-05,5.326115639654383
HSE Mid West,2023-02-12,6.439758000673027
HSE Mid West,2023-02-19,7.287094579708952
HSE Mid West,2023-02-26,7.819706143674391
HSE Mid West,2023-03-05,7.577609978235555
HSE Mid West,2023-03-12,7.432352278972253
HSE Mid West,2023-03-19,7.359723429340603
HSE Mid West,2023-03-26,8.715461955798082
HSE Mid West,2023-04-02,8.328108091095945
HSE Mid West,2023-04-09,8.037592692569342
HSE Mid West,2023-04-16,6.996579181182349
HSE Mid West,2023-04-23,8.110221542200993
HSE Mid West,2023-04-30,8.400736940727596
HSE Mid West,2023-05-07,8.884929271605266
HSE Mid West,2023-05-14,7.504981128603903
HSE Mid West,2023-05-21,7.311304196252836
HSE Mid West,2023-05-28,8.76388118888585
HSE Mid West,2023-06-04,7.7470772940427395
HSE Mid West,2023-06-11,7.940754226393809
HSE Mid West,2023-06-18,7.529190745147788
HSE Mid West,2023-06-25,8.134431158744878
HSE Mid West,2023-07-02,9.538588918290124
HSE Mid West,2023-07-09,8.884929271605268
HSE Mid West,2023-07-16,8.545994639990898
HSE Mid West,2023-07-23,8.473365790359246
HSE Mid West,2023-07-30,9.175444670131869
HSE Mid West,2023-08-06,7.940754226393809
HSE Mid West,2023-08-13,7.771286910586623
HSE Mid West,2023-08-20,7.093417647357883
HSE Mid West,2023-08-27,7.553400361691671
HSE Mid West,2023-09-03,8.521785023447014
HSE Mid West,2023-09-10,9.804894700272843
HSE Mid West,2023-09-17,9.151235053587985
HSE Mid West,2023-09-24,9.320702369395171
HSE Mid West,2023-10-01,10.143829331887211
HSE Mid West,2023-10-08,10.095410098799444
HSE Mid West,2023-10-15,8.739671572341965
HSE Mid West,2023-10-22,9.441750452114588
HSE Mid West,2023-10-29,8.013383076025459
HSE Mid West,2023-11-05,6.9239503315506985
HSE Mid West,2023-11-12,8.231269624920412
HSE Mid West,2023-11-19,9.659637001009541
HSE Mid West,2023-11-26,8.836510038517499
HSE Mid West,2023-12-03,8.231269624920412
HSE Mid West,2023-12-10,9.51437930174624
HSE Mid West,2023-12-17,10.095410098799444
HSE Mid West,2023-12-24,5.761888737444288
HSE Mid West,2023-12-31,2.7841059025466097
HSE Mid West,2024-01-07,7.069208030814
HSE Mid West,2024-01-14,7.698658060954973
HSE Mid West,2024-01-21,8.667042722710315
HSE Mid West,2024-01-28,10.19224856497498
HSE Mid West,2024-02-04,10.821698595115953
HSE Mid West,2024-02-11,12.129017888485663
HSE Mid West,2024-02-18,10.095410098799444
HSE Mid West,2024-02-25,9.369121602482938
HSE Mid West,2024-03-03,10.19224856497498
HSE Mid West,2024-03-10,9.635427384465657
HSE Mid West,2024-03-17,8.909138888149151
HSE Mid West,2024-03-24,10.168038948431096
HSE Mid West,2024-03-31,10.26487741460663
HSE Mid West,2024-04-07,8.763881188885849
HSE Mid West,2024-04-14,8.49757540690313
HSE Mid West,2024-04-21,9.732265850641191
HSE Mid West,2024-04-28,10.071200482255563
HSE Mid West,2024-05-05,7.892334993306041
HSE Mid West,2024-05-12,7.626029211323322
HSE Mid West,2024-05-19,10.434344730413816
HSE Mid West,2024-05-26,10.579602429677117
HSE Mid West,2024-06-02,10.216458181518863
HSE Mid West,2024-06-09,7.553400361691671
HSE Mid West,2024-06-16,7.335513812796719
HSE Mid West,2024-06-23,6.827111865375164
HSE Mid West,2024-06-30,8.788090805429732
HSE Mid West,2024-07-07,9.102815820500219
HSE Mid West,2024-07-14,11.233262076361973
HSE Mid West,2024-07-21,9.417540835570705
HSE Mid West,2024-07-28,7.7470772940427395
HSE Mid West,2024-08-04,7.698658060954973
HSE Mid West,2024-08-11,9.030186970868568
HSE Mid West,2024-08-18,3.921957880109137
HSE Mid West,2024-08-25,0.0
HSE Mid West,2024-09-01,2.493590504020007
HSE Mid West,2024-09-08,4.793504075688945
HSE Mid West,2024-09-15,6.028194519427007
HSE Mid West,2024-09-22,6.754483015743514
HSE Mid West,2024-09-29,7.650238827867206
HSE Mid West,2024-10-06,9.417540835570705
HSE Mid West,2024-10-13,8.788090805429732
HSE Mid West,2024-10-20,8.08601192565711
HSE Mid West,2024-10-27,6.633434933024096
HSE Mid West,2024-11-03,9.030186970868568
HSE Mid West,2024-11-10,10.94274667783537
HSE Mid West,2024-11-17,9.635427384465657
HSE Mid West,2024-11-24,9.829104316816725
HSE Mid West,2024-12-01,8.715461955798082
HSE Mid West,2024-12-08,10.313296647694397
HSE Mid West,2024-12-15,8.763881188885849
HSE Mid West,2024-12-22,10.19224856497498
HSE Mid West,2024-12-29,4.987181008040014
HSE Mid West,2025-01-05,10.579602429677117
HSE Mid West,2025-01-12,11.76587364032741
HSE Mid West,2025-01-19,11.160633226730322
HSE Mid West,2025-01-26,8.521785023447013
HSE Mid West,2025-02-02,9.514379301746239
HSE Mid West,2025-02-09,9.223863903219637
HSE Mid West,2025-02-16,8.449156173815364
HSE Mid West,2025-02-23,10.385925497326047
HSE Mid West,2025-03-02,9.974362016080027
HSE Mid West,2025-03-09,8.884929271605268
HSE Mid West,2025-03-16,7.892334993306041
HSE Mid West,2025-03-23,6.270290684865842
HSE Mid West,2025-03-30,9.320702369395171
HSE Mid West,2025-04-06,7.722867677498857
HSE Mid West,2025-04-13,7.601819594779439
HSE Mid West,2025-04-20,8.739671572341965
HSE Mid West,2025-04-27,9.611217767921774
HSE Mid West,2025-05-04,8.400736940727596
HSE Mid West,2025-05-11,8.49757540690313
HSE Mid West,2025-05-18,9.24807351976352
HSE Mid West,2025-05-25,8.521785023447013
HSE Mid West,2025-06-01,8.473365790359246
HSE Mid West,2025-06-08,8.134431158744876
HSE Mid West,2025-06-15,8.667042722710315
HSE Mid West,2025-06-22,6.585015699936329
HSE Mid West,2025-06-29,9.659637001009541
HSE Mid West,2025-07-06,8.933348504693035
HSE Mid West,2025-07-13,6.65764454956798
HSE Mid West,2025-07-20,7.795496527130507
HSE Mid West,2025-07-27,8.594413873078665
HSE Mid West,2025-08-03,9.44175045211459
HSE Mid West,2025-08-10,6.778692632287397
HSE Mid West,2025-08-17,5.5682118050932194
HSE Mid West,2025-08-24,9.369121602482938
HSE Mid West,2025-08-31,9.199654286675754
HSE Mid West,2025-09-07,9.272283136307404
HSE Mid West,2025-09-14,7.964963842937692
HSE Mid West,2025-09-21,8.884929271605268
HSE Mid West,2025-09-28,9.320702369395171
HSE Mid West,2025-10-05,10.700650512396534
HSE Mid West,2025-10-12,6.972369564638466
HSE Mid West,2025-10-19,4.502988677162342
HSE Mid West,2025-10-26,3.7282809477580683
HSE Mid West,2025-11-02,4.260892511723507
HSE Mid West,2025-11-09,4.236682895179623
HSE Mid West,2025-11-16,4.067215579372438
HSE South West,2023-01-01,1.0666825093773544
HSE South West,2023-01-08,7.14272211975469
HSE South West,2023-01-15,4.982352480509415
HSE South West,2023-01-22,5.022859411245264
HSE South West,2023-01-29,5.91401188743394
HSE South West,2023-02-05,5.171384823943376
HSE South West,2023-02-12,3.807651489169797
HSE South West,2023-02-19,5.900509577188657
HSE South West,2023-02-26,5.860002646452807
HSE South West,2023-03-05,5.009357100999981
HSE South West,2023-03-12,7.412768324660349
HSE South West,2023-03-19,6.170555782094316
HSE South West,2023-03-26,6.373090435773561
HSE South West,2023-04-02,7.048205948037709
HSE South West,2023-04-09,5.846500336207525
HSE South West,2023-04-16,6.211062712830166
HSE South West,2023-04-23,6.589127399698088
HSE South West,2023-04-30,6.008528059150921
HSE South West,2023-05-07,5.887007266943375
HSE South West,2023-05-14,6.332583505037712
HSE South West,2023-05-21,6.062537300132052
HSE South West,2023-05-28,5.198389444433943
HSE South West,2023-06-04,3.5646099047547035
HSE South West,2023-06-11,2.4574204646415003
HSE South West,2023-06-18,3.888665350641495
HSE South West,2023-06-25,3.780646868679231
HSE South West,2023-07-02,2.7004620490565934
HSE South West,2023-07-09,2.119862708509426
HSE South West,2023-07-16,3.5376052842641377
HSE South West,2023-07-23,3.8211537994150797
HSE South West,2023-07-30,4.509771621924512
HSE South West,2023-08-06,4.361246209226398
HSE South West,2023-08-13,2.4979273953773493
HSE South West,2023-08-20,3.834656109660363
HSE South West,2023-08-27,5.846500336207525
HSE South West,2023-09-03,6.926685155830162
HSE South West,2023-09-10,5.954518818169789
HSE South West,2023-09-17,4.563780862905643
HSE South West,2023-09-24,5.319910236641489
HSE South West,2023-10-01,6.616132020188654
HSE South West,2023-10-08,5.535947200566016
HSE South West,2023-10-15,5.468435649339602
HSE South West,2023-10-22,4.860831688301869
HSE South West,2023-10-29,5.333412546886772
HSE South West,2023-11-05,5.981523438660354
HSE South West,2023-11-12,5.887007266943375
HSE South West,2023-11-19,6.251569643566015
HSE South West,2023-11-26,5.063366341981113
HSE South West,2023-12-03,6.062537300132052
HSE South West,2023-12-10,4.928343239528283
HSE South West,2023-12-17,6.602629709943371
HSE South West,2023-12-24,3.254056769113195
HSE South West,2023-12-31,1.9713372958113133
HSE South West,2024-01-07,6.859173604603748
HSE South West,2024-01-14,6.481108917735825
HSE South West,2024-01-21,7.493782186132047
HSE South West,2024-01-28,7.439772945150915
HSE South West,2024-02-04,4.725808585849038
HSE South West,2024-02-11,4.253227727264135
HSE South West,2024-02-18,3.8886653506414945
HSE South West,2024-02-25,3.402582181811308
HSE South West,2024-03-03,4.671799344867907
HSE South West,2024-03-10,3.6051168354905525
HSE South West,2024-03-17,4.68530165511319
HSE South West,2024-03-24,5.076868652226396
HSE South West,2024-03-31,3.6456237662264015
HSE South West,2024-04-07,5.306407926396206
HSE South West,2024-04-14,5.400924098113188
HSE South West,2024-04-21,3.281061389603761
HSE South West,2024-04-28,3.780646868679231
HSE South West,2024-05-05,5.076868652226396
HSE South West,2024-05-12,2.3899089134150855
HSE South West,2024-05-19,2.551936636358481
HSE South West,2024-05-26,4.172213865792437
HSE South West,2024-06-02,4.037190763339607
HSE South West,2024-06-09,5.27940330590564
HSE South West,2024-06-16,4.887836308792434
HSE South West,2024-06-23,4.05069307358489
HSE South West,2024-06-30,3.3485729408301763
HSE South West,2024-07-07,3.5106006637735714
HSE South West,2024-07-14,4.523273932169794
HSE South West,2024-07-21,3.8616607301509287
HSE South West,2024-07-28,4.266730037509418
HSE South West,2024-08-04,2.1603696392452747
HSE South West,2024-08-11,3.1865452178867804
HSE South West,2024-08-18,3.0650244256792334
HSE South West,2024-08-25,2.3494019826792365
HSE South West,2024-09-01,2.551936636358481
HSE South West,2024-09-08,2.7139643593018765
HSE South West,2024-09-15,4.766315516584887
HSE South West,2024-09-22,4.712306275603756
HSE South West,2024-09-29,4.266730037509418
HSE South West,2024-10-06,5.360417167377339
HSE South West,2024-10-13,3.834656109660363
HSE South West,2024-10-20,3.0515221154339507
HSE South West,2024-10-27,2.7544712900377255
HSE South West,2024-11-03,2.9705082539622527
HSE South West,2024-11-10,4.820324757566019
HSE South West,2024-11-17,3.1865452178867804
HSE South West,2024-11-24,3.389079871566025
HSE South West,2024-12-01,5.009357100999981
HSE South West,2024-12-08,4.307236968245267
HSE South West,2024-12-15,3.5376052842641377
HSE South West,2024-12-22,4.833827067811303
HSE South West,2024-12-29,1.7417980216415028
HSE South West,2025-01-05,5.292905616150923
HSE South West,2025-01-12,7.264242911962237
HSE South West,2025-01-19,7.021201327547144
HSE South West,2025-01-26,6.494611227981107
HSE South West,2025-02-02,6.332583505037712
HSE South West,2025-02-09,4.914840929283001
HSE South West,2025-02-16,4.212720796528286
HSE South West,2025-02-23,4.509771621924512
HSE South West,2025-03-02,4.725808585849039
HSE South West,2025-03-09,3.4970983535282887
HSE South West,2025-03-16,2.09285808801886
HSE South West,2025-03-23,3.834656109660363
HSE South West,2025-03-30,4.739310896094322
HSE South West,2025-04-06,4.104702314566022
HSE South West,2025-04-13,2.3088950519433875
HSE South West,2025-04-20,2.2818904314528217
HSE South West,2025-04-27,2.6464528080754617
HSE South West,2025-05-04,2.106360398264143
HSE South West,2025-05-11,2.6734574285660275
HSE South West,2025-05-18,2.362904292924519
HSE South West,2025-05-25,2.2008765699811237
HSE South West,2025-06-01,1.5797702986981073
HSE South West,2025-06-08,2.106360398264143
HSE South West,2025-06-15,1.755300331886786
HSE South West,2025-06-22,2.470922774886783
HSE South West,2025-06-29,3.429586802301874
HSE South West,2025-07-06,2.970508253962253
HSE South West,2025-07-13,3.335070630584893
HSE South West,2025-07-20,2.470922774886783
HSE South West,2025-07-27,3.254056769113195
HSE South West,2025-08-03,3.1595405973962145
HSE South West,2025-08-10,2.3088950519433875
HSE South West,2025-08-17,2.943503633471687
HSE South West,2025-08-24,2.700462049056594
HSE South West,2025-08-31,3.5916145252452694
HSE South West,2025-09-07,4.64479472437734
HSE South West,2025-09-14,3.1325359769056487
HSE South West,2025-09-21,3.1460382871509314
HSE South West,2025-09-28,4.253227727264135
HSE South West,2025-10-05,4.536776242415077
HSE South West,2025-10-12,5.211891754679225
HSE South West,2025-10-19,5.670970303018847
HSE South West,2025-10-26,4.320739278490549
HSE South West,2025-11-02,5.076868652226396
HSE South West,2025-11-09,6.197560402584882
HSE South West,2025-11-16,2.808480531018857
HSE West and North West,2023-01-01,1.2769004754808781
HSE West and North West,2023-01-08,10.531137942110334
HSE West and North West,2023-01-15,6.002748627002891
HSE West and North West,2023-01-22,7.937845223865665
HSE West and North West,2023-01-29,6.489813756825494
HSE West and North West,2023-02-05,6.081732161568718
HSE West and North West,2023-02-12,5.699978411167218
HSE West and North West,2023-02-19,7.7930420771616475
HSE West and North West,2023-02-26,7.9773369911485785
HSE West and North West,2023-03-05,6.4108302222596665
HSE West and North West,2023-03-12,7.635075008029993
HSE West and North West,2023-03-19,8.688188802241026
HSE West and North West,2023-03-26,9.543843760037491
HSE West and North West,2023-04-02,8.806664104089768
HSE West and North West,2023-04-09,9.267401389057095
HSE West and North West,2023-04-16,8.47756604339882
HSE West and North West,2023-04-23,8.082648370569682
HSE West and North West,2023-04-30,7.319140869766683
HSE West and North West,2023-05-07,8.819828026517406
HSE West and North West,2023-05-14,8.872483716227958
HSE West and North West,2023-05-21,7.740386387451096
HSE West and North West,2023-05-28,7.121682033352114
HSE West and North West,2023-06-04,5.805289790588322
HSE West and North West,2023-06-11,6.766256127805891
HSE West and North West,2023-06-18,7.095354188496838
HSE West and North West,2023-06-25,7.911517379010389
HSE West and North West,2023-07-02,5.81845371301596
HSE West and North West,2023-07-09,4.317766556265237
HSE West and North West,2023-07-16,5.884273325154149
HSE West and North West,2023-07-23,5.884273325154149
HSE West and North West,2023-07-30,6.20020746341746
HSE West and North West,2023-08-06,6.950551041792822
HSE West and North West,2023-08-13,7.845697766872199
HSE West and North West,2023-08-20,6.6872725932400625
HSE West and North West,2023-08-27,6.331846687693839
HSE West and North West,2023-09-03,6.766256127805891
HSE West and North West,2023-09-10,7.924681301438027
HSE West and North West,2023-09-17,6.239699230700373
HSE West and North West,2023-09-24,5.410372117759184
HSE West and North West,2023-10-01,5.4893556523250115
HSE West and North West,2023-10-08,6.13438785127927
HSE West and North West,2023-10-15,6.015912549430529
HSE West and North West,2023-10-22,5.3972081953315465
HSE West and North West,2023-10-29,5.5815031093184775
HSE West and North West,2023-11-05,5.805289790588322
HSE West and North West,2023-11-12,6.621452981101873
HSE West and North West,2023-11-19,7.2533212576284924
HSE West and North West,2023-11-26,5.015454444930047
HSE West and North West,2023-12-03,5.1207658243511505
HSE West and North West,2023-12-10,8.043156603286768
HSE West and North West,2023-12-17,8.990959018076698
HSE West and North West,2023-12-24,4.989126600074771
HSE West and North West,2023-12-31,2.0535718987115152
HSE West and North West,2024-01-07,7.529763628608889
HSE West and North West,2024-01-14,6.3186827652662005
HSE West and North West,2024-01-21,5.43669996261446
HSE West and North West,2024-01-28,6.805747895088804
HSE West and North West,2024-02-04,6.147551773706908
HSE West and North West,2024-02-11,6.726764360522976
HSE West and North West,2024-02-18,7.71405854259582
HSE West and North West,2024-02-25,6.239699230700373
HSE West and North West,2024-03-03,4.8443234533707535
HSE West and North West,2024-03-10,4.146635564705944
HSE West and North West,2024-03-17,4.225619099271772
HSE West and North West,2024-03-24,5.56833918689084
HSE West and North West,2024-03-31,4.8443234533707535
HSE West and North West,2024-04-07,6.739928282950615
HSE West and North West,2024-04-14,8.517057810681733
HSE West and North West,2024-04-21,6.0422403942858045
HSE West and North West,2024-04-28,3.9886684955742893
HSE West and North West,2024-05-05,3.9096849610084616
HSE West and North West,2024-05-12,5.318224660765719
HSE West and North West,2024-05-19,6.516141601680769
HSE West and North West,2024-05-26,3.6464065124557035
HSE West and North West,2024-06-02,4.883815220653668
HSE West and North West,2024-06-09,4.989126600074771
HSE West and North West,2024-06-16,7.582419318319441
HSE West and North West,2024-06-23,6.279190997983287
HSE West and North West,2024-06-30,6.055404316713442
HSE West and North West,2024-07-07,4.4757336253968925
HSE West and North West,2024-07-14,5.699978411167219
HSE West and North West,2024-07-21,6.094896083996356
HSE West and North West,2024-07-28,5.910601170009426
HSE West and North West,2024-08-04,5.713142333594856
HSE West and North West,2024-08-11,5.555175264463202
HSE West and North West,2024-08-18,5.054946212212961
HSE West and North West,2024-08-25,4.673192461811461
HSE West and North West,2024-09-01,4.857487375798392
HSE West and North West,2024-09-08,4.7521759963772885
HSE West and North West,2024-09-15,5.3972081953315465
HSE West and North West,2024-09-22,6.634616903529511
HSE West and North West,2024-09-29,6.990042809075734
HSE West and North West,2024-10-06,6.739928282950615
HSE West and North West,2024-10-13,6.0422403942858045
HSE West and North West,2024-10-20,5.56833918689084
HSE West and North West,2024-10-27,5.173421514061702
HSE West and North West,2024-11-03,4.673192461811461
HSE West and North West,2024-11-10,6.239699230700373
HSE West and North West,2024-11-17,6.5029776792531315
HSE West and North West,2024-11-24,6.108060006423994
HSE West and North West,2024-12-01,5.739470178450133
HSE West and North West,2024-12-08,5.50251957475265
HSE West and North West,2024-12-15,5.660486643884305
HSE West and North West,2024-12-22,5.278732893482806
HSE West and North West,2024-12-29,2.566964873389394
HSE West and North West,2025-01-05,7.174337723062666
HSE West and North West,2025-01-12,8.003664836003855
HSE West and North West,2025-01-19,8.2274515172737
HSE West and North West,2025-01-26,8.47756604339882
HSE West and North West,2025-02-02,9.635991217030957
HSE West and North West,2025-02-09,9.754466518879697
HSE West and North West,2025-02-16,7.213829490345579
HSE West and North West,2025-02-23,7.450780094043061
HSE West and North West,2025-03-02,8.47756604339882
HSE West and North West,2025-03-09,6.608289058674235
HSE West and North West,2025-03-16,6.213371385845098
HSE West and North West,2025-03-23,4.041324185284841
HSE West and North West,2025-03-30,5.844781557871236
HSE West and North West,2025-04-06,4.9364709103642195
HSE West and North West,2025-04-13,4.436241858113979
HSE West and North West,2025-04-20,4.778503841232564
HSE West and North West,2025-04-27,5.515683497180288
HSE West and North West,2025-05-04,4.594208927245634
HSE West and North West,2025-05-11,5.423536040186822
HSE West and North West,2025-05-18,6.266027075555649
HSE West and North West,2025-05-25,4.660028539383823
HSE West and North West,2025-06-01,5.792125868160684
HSE West and North West,2025-06-08,6.121223928851633
HSE West and North West,2025-06-15,6.423994144687304
HSE West and North West,2025-06-22,5.910601170009425
HSE West and North West,2025-06-29,6.410830222259666
HSE West and North West,2025-07-06,5.607830954173753
HSE West and North West,2025-07-13,4.594208927245633
HSE West and North West,2025-07-20,7.069026343641562
HSE West and North West,2025-07-27,7.134845955779752
HSE West and North West,2025-08-03,6.937387119365183
HSE West and North West,2025-08-10,6.094896083996356
HSE West and North West,2025-08-17,7.740386387451096
HSE West and North West,2025-08-24,8.240615439701337
HSE West and North West,2025-08-31,7.951009146293303
HSE West and North West,2025-09-07,7.134845955779753
HSE West and North West,2025-09-14,8.582877422819923
HSE West and North West,2025-09-21,7.2533212576284924
HSE West and North West,2025-09-28,4.080815952567755
HSE West and North West,2025-10-05,5.291896815910444
HSE West and North West,2025-10-12,6.884731429654631
HSE West and North West,2025-10-19,4.778503841232564
HSE West and North West,2025-10-26,5.56833918689084
HSE West and North West,2025-11-02,4.804831686087841
HSE West and North West,2025-11-09,6.476649834397856
HSE West and North West,2025-11-16,5.620994876601391
